Year,Ratio
2015,0.09202453987730061
2016,0.15476190476190477
2017,0.2662337662337662
2018,0.4524421593830334
2019,0.46657929226736566
2020,0.46039035591274396
2021,0.5471698113207547
