Year,Ratio
2015,0.09433962264150944
2016,0.15853658536585366
2017,0.271523178807947
2018,0.46194225721784776
2019,0.49279538904899134
2020,0.4762484774665043
2021,0.5683930942895087
