Year,Ratio
2016,0.10972568578553615
2018,0.3150684931506849
2020,0.33692307692307694
