Year,Ratio
2016,0.10784313725490197
2018,0.30997304582210244
2020,0.3333333333333333
