Year,Ratio
2017,0.1791044776119403
2021,0.4520547945205479
