Year,Ratio
2015,0.0875
2016,0.22592592592592592
2017,0.24216524216524216
2018,0.4058219178082192
2019,0.383879781420765
2020,0.531130876747141
2021,0.5888268156424581
