Year,Ratio
2015,0.08974358974358974
2016,0.23106060606060605
2017,0.24709302325581395
2018,0.4100346020761246
2019,0.3875862068965517
2020,0.5358974358974359
2021,0.5905511811023622
