Year,Ratio
2015,0.09202453987730061
2017,0.12849162011173185
2019,0.383879781420765
2020,0.3008130081300813
2021,0.5471698113207547
