Year,Ratio
2015,0.09433962264150944
2017,0.12849162011173185
2019,0.3875862068965517
2020,0.30303030303030304
2021,0.5683930942895087
