Year,Ratio
2016,0.1186178442496132
2017,0.2585139318885449
2018,0.3087690407575134
2019,0.438753959873284
2020,0.37489563039242974
2021,0.5379581151832461
2022,0.5472589792060492
