Year,Ratio
2015,0.08978328173374613
2016,0.15483234714003946
2017,0.22673031026252982
2018,0.39285714285714285
2019,0.4260869565217391
2020,0.440935192780968
2021,0.5325018896447468
