Year,Ratio
2015,0.07023809523809524
2016,0.15661641541038526
2017,0.21774931381518756
2018,0.37977660199882424
2019,0.43664202745512143
2020,0.4502127659574468
2021,0.5460629921259843
