Year,Ratio
2015,0.004761904761904762
2016,0.14925373134328357
2018,0.3129973474801061
2019,0.42947368421052634
2021,0.5046904315196998
